model,threshold,precision,recall,f1,business_cost,TP,TN,FP,FN
Logistic Regression,0.01,0.0020287958115183247,0.9893617021276596,0.004049288109025994,45757,93,10904,45747,1
Logistic Regression,0.02,0.0025859911575786226,0.9893617021276596,0.005158499043181629,35880,93,20781,35870,1
Logistic Regression,0.03,0.0032669406681420593,0.9893617021276596,0.0065123770176114286,28384,93,28277,28374,1
Logistic Regression,0.04,0.0039685926431680466,0.9893617021276596,0.007905474328459708,23351,93,33310,23341,1
Logistic Regression,0.05,0.004611066559743384,0.9787234042553191,0.009178888556320463,19880,92,36791,19860,2
Logistic Regression,0.06,0.0052434456928838954,0.9680851063829787,0.010430397157430226,17294,91,39387,17264,3
Logistic Regression,0.07,0.005921009824972347,0.9680851063829787,0.011770031688546853,15308,91,41373,15278,3
Logistic Regression,0.08,0.006584183488893712,0.9680851063829787,0.013079410707869206,13760,91,42921,13730,3
Logistic Regression,0.09,0.00725967291583566,0.9680851063829787,0.014411275635442236,12474,91,44207,12444,3
Logistic Regression,0.1,0.008000703358537014,0.9680851063829787,0.0158702476456226,11313,91,45368,11283,3
Logistic Regression,0.11,0.008706467661691543,0.9680851063829787,0.017257728048549213,10391,91,46290,10361,3
Logistic Regression,0.12,0.009524806363826669,0.9680851063829787,0.018864013266998342,9493,91,47188,9463,3
Logistic Regression,0.13,0.010336210813266697,0.9680851063829787,0.020454034614520118,8743,91,47938,8713,3
Logistic Regression,0.14,0.01114103819784525,0.9680851063829787,0.02202856451222464,8107,91,48574,8077,3
Logistic Regression,0.15,0.011923480083857442,0.9680851063829787,0.02355682112347916,7571,91,49110,7541,3
Logistic Regression,0.16,0.012596221133659902,0.9574468085106383,0.024865312888520515,7095,90,49596,7055,4
Logistic Regression,0.17,0.013501350135013501,0.9574468085106383,0.026627218934911243,6616,90,50075,6576,4
Logistic Regression,0.18,0.014367816091954023,0.9574468085106383,0.028310789556464298,6214,90,50477,6174,4
Logistic Regression,0.19,0.01524390243902439,0.9574468085106383,0.030010003334444816,5854,90,50837,5814,4
Logistic Regression,0.2,0.016146393972012917,0.9574468085106383,0.03175723359209598,5524,90,51167,5484,4
Logistic Regression,0.21,0.017055144968732235,0.9574468085106383,0.03351331223235896,5227,90,51464,5187,4
Logistic Regression,0.22,0.017810686411847108,0.9468085106382979,0.03496366136318994,4958,89,51743,4908,5
Logistic Regression,0.23,0.018499054025646416,0.9361702127659575,0.036281179138321996,4729,88,51982,4669,6
Logistic Regression,0.24,0.01948195705114014,0.9361702127659575,0.03816959444805899,4489,88,52222,4429,6
Logistic Regression,0.25,0.02047463936714751,0.9361702127659575,0.04007285974499089,4270,88,52441,4210,6
Logistic Regression,0.26,0.021463414634146343,0.9361702127659575,0.04196471149260849,4072,88,52639,4012,6
Logistic Regression,0.27,0.022176905429518227,0.925531914893617,0.043315907393577296,3906,87,52815,3836,7
Logistic Regression,0.28,0.023181454836131096,0.925531914893617,0.04523004938913439,3736,87,52985,3666,7
Logistic Regression,0.29,0.023928770172509738,0.9148936170212766,0.046637744034707156,3588,86,53143,3508,8
Logistic Regression,0.3,0.025080198308544764,0.9148936170212766,0.048822026681805276,3423,86,53308,3343,8
Logistic Regression,0.31,0.026131874810088117,0.9148936170212766,0.050812407680945346,3285,86,53446,3205,8
Logistic Regression,0.32,0.027241051631295535,0.9148936170212766,0.0529067979083359,3151,86,53580,3071,8
Logistic Regression,0.33,0.028401585204755615,0.9148936170212766,0.05509288917360666,3022,86,53709,2942,8
Logistic Regression,0.34,0.029512697323266987,0.9148936170212766,0.057180851063829786,2908,86,53823,2828,8
Logistic Regression,0.35,0.03070332024277044,0.9148936170212766,0.059412780656303975,2795,86,53936,2715,8
Logistic Regression,0.36,0.03192279138827023,0.9148936170212766,0.06169296987087518,2688,86,54043,2608,8
Logistic Regression,0.37,0.033102386451116246,0.9148936170212766,0.0638930163447251,2592,86,54139,2512,8
Logistic Regression,0.38,0.03455202892728003,0.9148936170212766,0.06658923732094464,2483,86,54248,2403,8
Logistic Regression,0.39,0.035878181059657906,0.9148936170212766,0.06904857486953031,2391,86,54340,2311,8
Logistic Regression,0.4,0.037407568508046975,0.9148936170212766,0.07187630589218554,2293,86,54438,2213,8
Logistic Regression,0.41,0.03891402714932127,0.9148936170212766,0.07465277777777778,2204,86,54527,2124,8
Logistic Regression,0.42,0.040224508886810104,0.9148936170212766,0.07706093189964158,2132,86,54599,2052,8
Logistic Regression,0.43,0.04184914841849149,0.9148936170212766,0.08003722661703118,2049,86,54682,1969,8
Logistic Regression,0.44,0.043191056910569105,0.9042553191489362,0.08244422890397672,1973,85,54768,1883,9
Logistic Regression,0.45,0.044831223628691984,0.9042553191489362,0.08542713567839195,1901,85,54840,1811,9
Logistic Regression,0.46,0.046524356869184456,0.9042553191489362,0.08849557522123894,1832,85,54909,1742,9
Logistic Regression,0.47,0.04846066134549601,0.9042553191489362,0.09199134199134198,1759,85,54982,1669,9
Logistic Regression,0.48,0.049824150058616644,0.9042553191489362,0.09444444444444444,1711,85,55030,1621,9
Logistic Regression,0.49,0.05211526670754139,0.9042553191489362,0.09855072463768116,1636,85,55105,1546,9
Logistic Regression,0.5,0.054243777919591576,0.9042553191489362,0.10234798314268513,1572,85,55169,1482,9
Logistic Regression,0.51,0.05584756898817345,0.9042553191489362,0.1051980198019802,1527,85,55214,1437,9
Logistic Regression,0.52,0.057666214382632294,0.9042553191489362,0.10841836734693877,1479,85,55262,1389,9
Logistic Regression,0.53,0.05931612002791347,0.9042553191489362,0.11132940406024885,1438,85,55303,1348,9
Logistic Regression,0.54,0.061239193083573486,0.9042553191489362,0.11470985155195682,1393,85,55348,1303,9
Logistic Regression,0.55,0.06376594148537135,0.9042553191489362,0.11913104414856342,1338,85,55403,1248,9
Logistic Regression,0.56,0.06640625,0.9042553191489362,0.12372634643377002,1285,85,55456,1195,9
Logistic Regression,0.57,0.06882591093117409,0.9042553191489362,0.12791572610985705,1240,85,55501,1150,9
Logistic Regression,0.58,0.07130872483221476,0.9042553191489362,0.1321928460342146,1197,85,55544,1107,9
Logistic Regression,0.59,0.07449605609114812,0.9042553191489362,0.13765182186234817,1146,85,55595,1056,9
Logistic Regression,0.6,0.07741347905282331,0.9042553191489362,0.14261744966442952,1103,85,55638,1013,9
Logistic Regression,0.61,0.08034026465028356,0.9042553191489362,0.14756944444444445,1063,85,55678,973,9
Logistic Regression,0.62,0.08284600389863547,0.9042553191489362,0.15178571428571427,1031,85,55710,941,9
Logistic Regression,0.63,0.08568548387096774,0.9042553191489362,0.15653775322283608,997,85,55744,907,9
Logistic Regression,0.64,0.08740894901144641,0.8936170212765957,0.15924170616113745,977,84,55774,877,10
Logistic Regression,0.65,0.08917197452229299,0.8936170212765957,0.16216216216216217,958,84,55793,858,10
Logistic Regression,0.66,0.09170305676855896,0.8936170212765957,0.16633663366336635,932,84,55819,832,10
Logistic Regression,0.67,0.09513023782559456,0.8936170212765957,0.17195496417604914,899,84,55852,799,10
Logistic Regression,0.68,0.0979020979020979,0.8936170212765957,0.17647058823529413,874,84,55877,774,10
Logistic Regression,0.69,0.10108303249097472,0.8936170212765957,0.18162162162162163,847,84,55904,747,10
Logistic Regression,0.7,0.1033210332103321,0.8936170212765957,0.185226019845645,829,84,55922,729,10
Logistic Regression,0.71,0.10566037735849057,0.8936170212765957,0.1889763779527559,811,84,55940,711,10
Logistic Regression,0.72,0.10951760104302477,0.8936170212765957,0.1951219512195122,783,84,55968,683,10
Logistic Regression,0.73,0.11275167785234899,0.8936170212765957,0.20023837902264602,761,84,55990,661,10
Logistic Regression,0.74,0.11475409836065574,0.8936170212765957,0.2033898305084746,748,84,56003,648,10
Logistic Regression,0.75,0.11781206171107994,0.8936170212765957,0.20817843866171004,729,84,56022,629,10
Logistic Regression,0.76,0.12244897959183673,0.8936170212765957,0.2153846153846154,702,84,56049,602,10
Logistic Regression,0.77,0.12727272727272726,0.8936170212765957,0.22281167108753316,676,84,56075,576,10
Logistic Regression,0.78,0.1337579617834395,0.8936170212765957,0.23268698060941828,644,84,56107,544,10
Logistic Regression,0.79,0.13953488372093023,0.8936170212765957,0.2413793103448276,618,84,56133,518,10
Logistic Regression,0.8,0.1453287197231834,0.8936170212765957,0.25,594,84,56157,494,10
Logistic Regression,0.81,0.15356489945155394,0.8936170212765957,0.2620904836193448,563,84,56188,463,10
Logistic Regression,0.82,0.16030534351145037,0.8936170212765957,0.27184466019417475,540,84,56211,440,10
Logistic Regression,0.83,0.16699801192842942,0.8936170212765957,0.2814070351758794,519,84,56232,419,10
Logistic Regression,0.84,0.1728395061728395,0.8936170212765957,0.2896551724137931,502,84,56249,402,10
Logistic Regression,0.85,0.1794871794871795,0.8936170212765957,0.298932384341637,484,84,56267,384,10
Logistic Regression,0.86,0.18502202643171806,0.8936170212765957,0.30656934306569344,470,84,56281,370,10
Logistic Regression,0.87,0.19212962962962962,0.8829787234042553,0.3155893536121673,459,83,56302,349,11
Logistic Regression,0.88,0.2075,0.8829787234042553,0.3360323886639676,427,83,56334,317,11
Logistic Regression,0.89,0.21957671957671956,0.8829787234042553,0.3516949152542373,405,83,56356,295,11
Logistic Regression,0.9,0.23184357541899442,0.8829787234042553,0.3672566371681416,385,83,56376,275,11
Logistic Regression,0.91,0.25,0.8829787234042553,0.38967136150234744,359,83,56402,249,11
Logistic Regression,0.92,0.2721311475409836,0.8829787234042553,0.41604010025062654,332,83,56429,222,11
Logistic Regression,0.93,0.2881944444444444,0.8829787234042553,0.43455497382198954,315,83,56446,205,11
Logistic Regression,0.94,0.3155893536121673,0.8829787234042553,0.4649859943977591,290,83,56471,180,11
Logistic Regression,0.95,0.3593073593073593,0.8829787234042553,0.5107692307692308,258,83,56503,148,11
Logistic Regression,0.96,0.4029126213592233,0.8829787234042553,0.5533333333333333,233,83,56528,123,11
Logistic Regression,0.97,0.4530386740331492,0.8723404255319149,0.5963636363636363,219,82,56552,99,12
Logistic Regression,0.98,0.5394736842105263,0.8723404255319149,0.6666666666666666,190,82,56581,70,12
Logistic Regression,0.99,0.6299212598425197,0.851063829787234,0.7239819004524887,187,80,56604,47,14
Random Forest,0.01,0.011679790026246719,0.9468085106382979,0.023074928701063,7581,89,49120,7531,5
Random Forest,0.02,0.029876373626373628,0.925531914893617,0.05788423153692615,2895,87,53826,2825,7
Random Forest,0.03,0.054409005628517824,0.925531914893617,0.10277613703484938,1582,87,55139,1512,7
Random Forest,0.04,0.08498023715415019,0.9148936170212766,0.15551537070524413,1006,86,55725,926,8
Random Forest,0.05,0.11612021857923498,0.9042553191489362,0.20581113801452786,737,85,56004,647,9
Random Forest,0.06,0.1542649727767695,0.9042553191489362,0.26356589147286824,556,85,56185,466,9
Random Forest,0.07,0.1917808219178082,0.8936170212765957,0.3157894736842105,454,84,56297,354,10
Random Forest,0.08,0.2222222222222222,0.8936170212765957,0.3559322033898305,394,84,56357,294,10
Random Forest,0.09,0.2616822429906542,0.8936170212765957,0.40481927710843374,337,84,56414,237,10
Random Forest,0.1,0.28668941979522183,0.8936170212765957,0.43410852713178294,309,84,56442,209,10
Random Forest,0.11,0.3157894736842105,0.8936170212765957,0.4666666666666667,282,84,56469,182,10
Random Forest,0.12,0.34854771784232363,0.8936170212765957,0.5014925373134328,257,84,56494,157,10
Random Forest,0.13,0.38181818181818183,0.8936170212765957,0.535031847133758,236,84,56515,136,10
Random Forest,0.14,0.417910447761194,0.8936170212765957,0.5694915254237288,217,84,56534,117,10
Random Forest,0.15,0.4444444444444444,0.8936170212765957,0.5936395759717314,205,84,56546,105,10
Random Forest,0.16,0.49122807017543857,0.8936170212765957,0.6339622641509434,187,84,56564,87,10
Random Forest,0.17,0.535031847133758,0.8936170212765957,0.6693227091633466,173,84,56578,73,10
Random Forest,0.18,0.5637583892617449,0.8936170212765957,0.691358024691358,165,84,56586,65,10
Random Forest,0.19,0.5957446808510638,0.8936170212765957,0.7148936170212766,157,84,56594,57,10
Random Forest,0.2,0.6131386861313869,0.8936170212765957,0.7272727272727273,153,84,56598,53,10
Random Forest,0.21,0.631578947368421,0.8936170212765957,0.7400881057268722,149,84,56602,49,10
Random Forest,0.22,0.6434108527131783,0.8829787234042553,0.7443946188340808,156,83,56605,46,11
Random Forest,0.23,0.6693548387096774,0.8829787234042553,0.7614678899082569,151,83,56610,41,11
Random Forest,0.24,0.6890756302521008,0.8723404255319149,0.7699530516431925,157,82,56614,37,12
Random Forest,0.25,0.7008547008547008,0.8723404255319149,0.7772511848341233,155,82,56616,35,12
Random Forest,0.26,0.7008547008547008,0.8723404255319149,0.7772511848341233,155,82,56616,35,12
Random Forest,0.27,0.7130434782608696,0.8723404255319149,0.784688995215311,153,82,56618,33,12
Random Forest,0.28,0.7321428571428571,0.8723404255319149,0.7961165048543689,150,82,56621,30,12
Random Forest,0.29,0.7431192660550459,0.8617021276595744,0.7980295566502463,158,81,56623,28,13
Random Forest,0.3,0.75,0.8617021276595744,0.801980198019802,157,81,56624,27,13
Random Forest,0.31,0.7641509433962265,0.8617021276595744,0.81,155,81,56626,25,13
Random Forest,0.32,0.7641509433962265,0.8617021276595744,0.81,155,81,56626,25,13
Random Forest,0.33,0.7641509433962265,0.8617021276595744,0.81,155,81,56626,25,13
Random Forest,0.34,0.7714285714285715,0.8617021276595744,0.8140703517587939,154,81,56627,24,13
Random Forest,0.35,0.7788461538461539,0.8617021276595744,0.8181818181818182,153,81,56628,23,13
Random Forest,0.36,0.7941176470588235,0.8617021276595744,0.826530612244898,151,81,56630,21,13
Random Forest,0.37,0.801980198019802,0.8617021276595744,0.8307692307692308,150,81,56631,20,13
Random Forest,0.38,0.81,0.8617021276595744,0.8350515463917526,149,81,56632,19,13
Random Forest,0.39,0.8181818181818182,0.8617021276595744,0.8393782383419689,148,81,56633,18,13
Random Forest,0.4,0.8181818181818182,0.8617021276595744,0.8393782383419689,148,81,56633,18,13
Random Forest,0.41,0.8181818181818182,0.8617021276595744,0.8393782383419689,148,81,56633,18,13
Random Forest,0.42,0.8181818181818182,0.8617021276595744,0.8393782383419689,148,81,56633,18,13
Random Forest,0.43,0.826530612244898,0.8617021276595744,0.84375,147,81,56634,17,13
Random Forest,0.44,0.8526315789473684,0.8617021276595744,0.8571428571428571,144,81,56637,14,13
Random Forest,0.45,0.8526315789473684,0.8617021276595744,0.8571428571428571,144,81,56637,14,13
Random Forest,0.46,0.8526315789473684,0.8617021276595744,0.8571428571428571,144,81,56637,14,13
Random Forest,0.47,0.8526315789473684,0.8617021276595744,0.8571428571428571,144,81,56637,14,13
Random Forest,0.48,0.8602150537634409,0.851063829787234,0.8556149732620321,153,80,56638,13,14
Random Forest,0.49,0.8695652173913043,0.851063829787234,0.8602150537634409,152,80,56639,12,14
Random Forest,0.5,0.8695652173913043,0.851063829787234,0.8602150537634409,152,80,56639,12,14
Random Forest,0.51,0.8681318681318682,0.8404255319148937,0.8540540540540541,162,79,56639,12,15
Random Forest,0.52,0.8777777777777778,0.8404255319148937,0.8586956521739131,161,79,56640,11,15
Random Forest,0.53,0.8777777777777778,0.8404255319148937,0.8586956521739131,161,79,56640,11,15
Random Forest,0.54,0.8777777777777778,0.8404255319148937,0.8586956521739131,161,79,56640,11,15
Random Forest,0.55,0.8876404494382022,0.8404255319148937,0.8633879781420765,160,79,56641,10,15
Random Forest,0.56,0.8876404494382022,0.8404255319148937,0.8633879781420765,160,79,56641,10,15
Random Forest,0.57,0.8876404494382022,0.8404255319148937,0.8633879781420765,160,79,56641,10,15
Random Forest,0.58,0.8977272727272727,0.8404255319148937,0.8681318681318682,159,79,56642,9,15
Random Forest,0.59,0.8977272727272727,0.8404255319148937,0.8681318681318682,159,79,56642,9,15
Random Forest,0.6,0.8977272727272727,0.8404255319148937,0.8681318681318682,159,79,56642,9,15
Random Forest,0.61,0.8977272727272727,0.8404255319148937,0.8681318681318682,159,79,56642,9,15
Random Forest,0.62,0.8977272727272727,0.8404255319148937,0.8681318681318682,159,79,56642,9,15
Random Forest,0.63,0.9080459770114943,0.8404255319148937,0.8729281767955801,158,79,56643,8,15
Random Forest,0.64,0.9080459770114943,0.8404255319148937,0.8729281767955801,158,79,56643,8,15
Random Forest,0.65,0.9176470588235294,0.8297872340425532,0.8715083798882681,167,78,56644,7,16
Random Forest,0.66,0.9390243902439024,0.8191489361702128,0.875,175,77,56646,5,17
Random Forest,0.67,0.9390243902439024,0.8191489361702128,0.875,175,77,56646,5,17
Random Forest,0.68,0.9390243902439024,0.8191489361702128,0.875,175,77,56646,5,17
Random Forest,0.69,0.9390243902439024,0.8191489361702128,0.875,175,77,56646,5,17
Random Forest,0.7,0.9390243902439024,0.8191489361702128,0.875,175,77,56646,5,17
Random Forest,0.71,0.9390243902439024,0.8191489361702128,0.875,175,77,56646,5,17
Random Forest,0.72,0.9382716049382716,0.8085106382978723,0.8685714285714285,185,76,56646,5,18
Random Forest,0.73,0.9367088607594937,0.7872340425531915,0.8554913294797688,205,74,56646,5,20
Random Forest,0.74,0.9367088607594937,0.7872340425531915,0.8554913294797688,205,74,56646,5,20
Random Forest,0.75,0.9487179487179487,0.7872340425531915,0.8604651162790697,204,74,56647,4,20
Random Forest,0.76,0.948051948051948,0.776595744680851,0.8538011695906432,214,73,56647,4,21
Random Forest,0.77,0.9473684210526315,0.7659574468085106,0.8470588235294118,224,72,56647,4,22
Random Forest,0.78,0.9473684210526315,0.7659574468085106,0.8470588235294118,224,72,56647,4,22
Random Forest,0.79,0.9473684210526315,0.7659574468085106,0.8470588235294118,224,72,56647,4,22
Random Forest,0.8,0.9473684210526315,0.7659574468085106,0.8470588235294118,224,72,56647,4,22
Random Forest,0.81,0.9466666666666667,0.7553191489361702,0.8402366863905325,234,71,56647,4,23
Random Forest,0.82,0.9466666666666667,0.7553191489361702,0.8402366863905325,234,71,56647,4,23
Random Forest,0.83,0.9722222222222222,0.7446808510638298,0.8433734939759037,242,70,56649,2,24
Random Forest,0.84,0.9722222222222222,0.7446808510638298,0.8433734939759037,242,70,56649,2,24
Random Forest,0.85,0.9710144927536232,0.7127659574468085,0.8220858895705522,272,67,56649,2,27
Random Forest,0.86,0.9710144927536232,0.7127659574468085,0.8220858895705522,272,67,56649,2,27
Random Forest,0.87,0.9705882352941176,0.7021276595744681,0.8148148148148148,282,66,56649,2,28
Random Forest,0.88,0.9705882352941176,0.7021276595744681,0.8148148148148148,282,66,56649,2,28
Random Forest,0.89,0.9705882352941176,0.7021276595744681,0.8148148148148148,282,66,56649,2,28
Random Forest,0.9,0.9705882352941176,0.7021276595744681,0.8148148148148148,282,66,56649,2,28
Random Forest,0.91,0.9705882352941176,0.7021276595744681,0.8148148148148148,282,66,56649,2,28
Random Forest,0.92,0.9846153846153847,0.6808510638297872,0.8050314465408805,301,64,56650,1,30
Random Forest,0.93,0.9833333333333333,0.6276595744680851,0.7662337662337663,351,59,56650,1,35
Random Forest,0.94,0.9827586206896551,0.6063829787234043,0.75,371,57,56650,1,37
Random Forest,0.95,0.9811320754716981,0.5531914893617021,0.7074829931972789,421,52,56650,1,42
Random Forest,0.96,1.0,0.5319148936170213,0.6944444444444444,440,50,56651,0,44
Random Forest,0.97,1.0,0.48936170212765956,0.6571428571428571,480,46,56651,0,48
Random Forest,0.98,1.0,0.3829787234042553,0.5538461538461539,580,36,56651,0,58
Random Forest,0.99,1.0,0.2765957446808511,0.43333333333333335,680,26,56651,0,68
HistGradientBoosting,0.01,0.0016567379886495823,1.0,0.0033079954954954955,56644,94,7,56644,0
HistGradientBoosting,0.02,0.001642993428026288,0.9893617021276596,0.0032805389960845178,56521,93,140,56511,1
HistGradientBoosting,0.03,0.036939313984168866,0.8936170212765957,0.07094594594594594,2290,84,54461,2190,10
HistGradientBoosting,0.04,0.056910569105691054,0.8936170212765957,0.1070063694267516,1492,84,55259,1392,10
HistGradientBoosting,0.05,0.07329842931937172,0.8936170212765957,0.13548387096774195,1162,84,55589,1062,10
HistGradientBoosting,0.06,0.09470124013528748,0.8936170212765957,0.1712538226299694,903,84,55848,803,10
HistGradientBoosting,0.07,0.1089238845144357,0.8829787234042553,0.1939252336448598,789,83,55972,679,11
HistGradientBoosting,0.08,0.12710566615620214,0.8829787234042553,0.2222222222222222,680,83,56081,570,11
HistGradientBoosting,0.09,0.141396933560477,0.8829787234042553,0.24375917767988253,614,83,56147,504,11
HistGradientBoosting,0.1,0.16116504854368932,0.8829787234042553,0.27257799671592775,542,83,56219,432,11
HistGradientBoosting,0.11,0.17547568710359407,0.8829787234042553,0.2927689594356261,500,83,56261,390,11
HistGradientBoosting,0.12,0.1966824644549763,0.8829787234042553,0.32170542635658916,449,83,56312,339,11
HistGradientBoosting,0.13,0.21065989847715735,0.8829787234042553,0.3401639344262295,421,83,56340,311,11
HistGradientBoosting,0.14,0.22802197802197802,0.8829787234042553,0.3624454148471616,391,83,56370,281,11
HistGradientBoosting,0.15,0.2434017595307918,0.8829787234042553,0.3816091954022989,368,83,56393,258,11
HistGradientBoosting,0.16,0.24776119402985075,0.8829787234042553,0.38694638694638694,362,83,56399,252,11
HistGradientBoosting,0.17,0.2610062893081761,0.8829787234042553,0.4029126213592233,345,83,56416,235,11
HistGradientBoosting,0.18,0.2757475083056478,0.8829787234042553,0.42025316455696204,328,83,56433,218,11
HistGradientBoosting,0.19,0.28620689655172415,0.8829787234042553,0.4322916666666667,317,83,56444,207,11
HistGradientBoosting,0.2,0.3018181818181818,0.8829787234042553,0.44986449864498645,302,83,56459,192,11
HistGradientBoosting,0.21,0.3048327137546468,0.8723404255319149,0.45179063360881544,307,82,56464,187,12
HistGradientBoosting,0.22,0.3241106719367589,0.8723404255319149,0.47262247838616717,291,82,56480,171,12
HistGradientBoosting,0.23,0.34024896265560167,0.8723404255319149,0.48955223880597015,279,82,56492,159,12
HistGradientBoosting,0.24,0.3565217391304348,0.8723404255319149,0.5061728395061729,268,82,56503,148,12
HistGradientBoosting,0.25,0.37104072398190047,0.8723404255319149,0.5206349206349207,259,82,56512,139,12
HistGradientBoosting,0.26,0.3923444976076555,0.8723404255319149,0.5412541254125413,247,82,56524,127,12
HistGradientBoosting,0.27,0.4019607843137255,0.8723404255319149,0.5503355704697986,242,82,56529,122,12
HistGradientBoosting,0.28,0.41624365482233505,0.8723404255319149,0.563573883161512,235,82,56536,115,12
HistGradientBoosting,0.29,0.4293193717277487,0.8723404255319149,0.5754385964912281,229,82,56542,109,12
HistGradientBoosting,0.3,0.43617021276595747,0.8723404255319149,0.5815602836879432,226,82,56545,106,12
HistGradientBoosting,0.31,0.44565217391304346,0.8723404255319149,0.5899280575539568,222,82,56549,102,12
HistGradientBoosting,0.32,0.45555555555555555,0.8723404255319149,0.5985401459854015,218,82,56553,98,12
HistGradientBoosting,0.33,0.4606741573033708,0.8723404255319149,0.6029411764705882,216,82,56555,96,12
HistGradientBoosting,0.34,0.4685714285714286,0.8723404255319149,0.6096654275092936,213,82,56558,93,12
HistGradientBoosting,0.35,0.4823529411764706,0.8723404255319149,0.6212121212121212,208,82,56563,88,12
HistGradientBoosting,0.36,0.49101796407185627,0.8723404255319149,0.6283524904214559,205,82,56566,85,12
HistGradientBoosting,0.37,0.5061728395061729,0.8723404255319149,0.640625,200,82,56571,80,12
HistGradientBoosting,0.38,0.5189873417721519,0.8723404255319149,0.6507936507936508,196,82,56575,76,12
HistGradientBoosting,0.39,0.5364238410596026,0.8617021276595744,0.6612244897959184,200,81,56581,70,13
HistGradientBoosting,0.4,0.54,0.8617021276595744,0.6639344262295082,199,81,56582,69,13
HistGradientBoosting,0.41,0.5547945205479452,0.8617021276595744,0.675,195,81,56586,65,13
HistGradientBoosting,0.42,0.574468085106383,0.8617021276595744,0.6893617021276596,190,81,56591,60,13
HistGradientBoosting,0.43,0.5912408759124088,0.8617021276595744,0.7012987012987013,186,81,56595,56,13
HistGradientBoosting,0.44,0.6136363636363636,0.8617021276595744,0.7168141592920354,181,81,56600,51,13
HistGradientBoosting,0.45,0.6230769230769231,0.8617021276595744,0.7232142857142857,179,81,56602,49,13
HistGradientBoosting,0.46,0.627906976744186,0.8617021276595744,0.726457399103139,178,81,56603,48,13
HistGradientBoosting,0.47,0.6377952755905512,0.8617021276595744,0.7330316742081447,176,81,56605,46,13
HistGradientBoosting,0.48,0.6377952755905512,0.8617021276595744,0.7330316742081447,176,81,56605,46,13
HistGradientBoosting,0.49,0.6377952755905512,0.8617021276595744,0.7330316742081447,176,81,56605,46,13
HistGradientBoosting,0.5,0.6377952755905512,0.8617021276595744,0.7330316742081447,176,81,56605,46,13
HistGradientBoosting,0.51,0.648,0.8617021276595744,0.7397260273972602,174,81,56607,44,13
HistGradientBoosting,0.52,0.6585365853658537,0.8617021276595744,0.7465437788018433,172,81,56609,42,13
HistGradientBoosting,0.53,0.6639344262295082,0.8617021276595744,0.75,171,81,56610,41,13
HistGradientBoosting,0.54,0.6639344262295082,0.8617021276595744,0.75,171,81,56610,41,13
HistGradientBoosting,0.55,0.675,0.8617021276595744,0.7570093457943925,169,81,56612,39,13
HistGradientBoosting,0.56,0.675,0.8617021276595744,0.7570093457943925,169,81,56612,39,13
HistGradientBoosting,0.57,0.680672268907563,0.8617021276595744,0.7605633802816901,168,81,56613,38,13
HistGradientBoosting,0.58,0.7043478260869566,0.8617021276595744,0.7751196172248804,164,81,56617,34,13
HistGradientBoosting,0.59,0.7105263157894737,0.8617021276595744,0.7788461538461539,163,81,56618,33,13
HistGradientBoosting,0.6,0.7297297297297297,0.8617021276595744,0.7902439024390244,160,81,56621,30,13
HistGradientBoosting,0.61,0.7272727272727273,0.851063829787234,0.7843137254901961,170,80,56621,30,14
HistGradientBoosting,0.62,0.7383177570093458,0.8404255319148937,0.7860696517412935,178,79,56623,28,15
HistGradientBoosting,0.63,0.7383177570093458,0.8404255319148937,0.7860696517412935,178,79,56623,28,15
HistGradientBoosting,0.64,0.7452830188679245,0.8404255319148937,0.79,177,79,56624,27,15
HistGradientBoosting,0.65,0.7523809523809524,0.8404255319148937,0.7939698492462312,176,79,56625,26,15
HistGradientBoosting,0.66,0.7669902912621359,0.8404255319148937,0.8020304568527918,174,79,56627,24,15
HistGradientBoosting,0.67,0.7669902912621359,0.8404255319148937,0.8020304568527918,174,79,56627,24,15
HistGradientBoosting,0.68,0.7669902912621359,0.8404255319148937,0.8020304568527918,174,79,56627,24,15
HistGradientBoosting,0.69,0.7669902912621359,0.8404255319148937,0.8020304568527918,174,79,56627,24,15
HistGradientBoosting,0.7,0.7745098039215687,0.8404255319148937,0.8061224489795918,173,79,56628,23,15
HistGradientBoosting,0.71,0.7821782178217822,0.8404255319148937,0.8102564102564103,172,79,56629,22,15
HistGradientBoosting,0.72,0.7821782178217822,0.8404255319148937,0.8102564102564103,172,79,56629,22,15
HistGradientBoosting,0.73,0.79,0.8404255319148937,0.8144329896907216,171,79,56630,21,15
HistGradientBoosting,0.74,0.8061224489795918,0.8404255319148937,0.8229166666666666,169,79,56632,19,15
HistGradientBoosting,0.75,0.8061224489795918,0.8404255319148937,0.8229166666666666,169,79,56632,19,15
HistGradientBoosting,0.76,0.8144329896907216,0.8404255319148937,0.8272251308900523,168,79,56633,18,15
HistGradientBoosting,0.77,0.8144329896907216,0.8404255319148937,0.8272251308900523,168,79,56633,18,15
HistGradientBoosting,0.78,0.8144329896907216,0.8404255319148937,0.8272251308900523,168,79,56633,18,15
HistGradientBoosting,0.79,0.8229166666666666,0.8404255319148937,0.8315789473684211,167,79,56634,17,15
HistGradientBoosting,0.8,0.8229166666666666,0.8404255319148937,0.8315789473684211,167,79,56634,17,15
HistGradientBoosting,0.81,0.8315789473684211,0.8404255319148937,0.8359788359788359,166,79,56635,16,15
HistGradientBoosting,0.82,0.8404255319148937,0.8404255319148937,0.8404255319148937,165,79,56636,15,15
HistGradientBoosting,0.83,0.8404255319148937,0.8404255319148937,0.8404255319148937,165,79,56636,15,15
HistGradientBoosting,0.84,0.8461538461538461,0.8191489361702128,0.8324324324324325,184,77,56637,14,17
HistGradientBoosting,0.85,0.8461538461538461,0.8191489361702128,0.8324324324324325,184,77,56637,14,17
HistGradientBoosting,0.86,0.8426966292134831,0.7978723404255319,0.819672131147541,204,75,56637,14,19
HistGradientBoosting,0.87,0.8522727272727273,0.7978723404255319,0.8241758241758241,203,75,56638,13,19
HistGradientBoosting,0.88,0.8620689655172413,0.7978723404255319,0.8287292817679558,202,75,56639,12,19
HistGradientBoosting,0.89,0.8620689655172413,0.7978723404255319,0.8287292817679558,202,75,56639,12,19
HistGradientBoosting,0.9,0.8705882352941177,0.7872340425531915,0.8268156424581006,211,74,56640,11,20
HistGradientBoosting,0.91,0.8705882352941177,0.7872340425531915,0.8268156424581006,211,74,56640,11,20
HistGradientBoosting,0.92,0.8809523809523809,0.7872340425531915,0.8314606741573034,210,74,56641,10,20
HistGradientBoosting,0.93,0.8809523809523809,0.7872340425531915,0.8314606741573034,210,74,56641,10,20
HistGradientBoosting,0.94,0.8795180722891566,0.776595744680851,0.8248587570621468,220,73,56641,10,21
HistGradientBoosting,0.95,0.8795180722891566,0.776595744680851,0.8248587570621468,220,73,56641,10,21
HistGradientBoosting,0.96,0.8780487804878049,0.7659574468085106,0.8181818181818182,230,72,56641,10,22
HistGradientBoosting,0.97,0.8846153846153846,0.7340425531914894,0.8023255813953488,259,69,56642,9,25
HistGradientBoosting,0.98,0.0,0.0,0.0,940,0,56651,0,94
HistGradientBoosting,0.99,0.0,0.0,0.0,940,0,56651,0,94
PyTorch MLP,0.01,0.0021891109384930443,0.9893617021276596,0.004368555793033798,42400,93,14261,42390,1
PyTorch MLP,0.02,0.0031376064545047063,0.9680851063829787,0.006254940371859642,28942,91,27739,28912,3
PyTorch MLP,0.03,0.004134484325306679,0.9680851063829787,0.0082338038364097,21949,91,34732,21919,3
PyTorch MLP,0.04,0.005087493710516017,0.9680851063829787,0.010121795228296536,17826,91,38855,17796,3
PyTorch MLP,0.05,0.005983299362219739,0.9680851063829787,0.01189309285760962,15148,91,41533,15118,3
PyTorch MLP,0.06,0.00681852240371647,0.9680851063829787,0.013541666666666667,13285,91,43396,13255,3
PyTorch MLP,0.07,0.007711210914329294,0.9680851063829787,0.015300546448087432,11740,91,44941,11710,3
PyTorch MLP,0.08,0.008621506395073425,0.9680851063829787,0.0170908066485116,10494,91,46187,10464,3
PyTorch MLP,0.09,0.00942507068803016,0.9574468085106383,0.018666390127553667,9499,90,47192,9459,4
PyTorch MLP,0.1,0.01032346868547832,0.9574468085106383,0.020426690876078075,8668,90,48023,8628,4
PyTorch MLP,0.11,0.011174571641420413,0.9574468085106383,0.022091310751104567,8004,90,48687,7964,4
PyTorch MLP,0.12,0.012025654730090861,0.9574468085106383,0.023752969121140142,7434,90,49257,7394,4
PyTorch MLP,0.13,0.012897678417884782,0.9574468085106383,0.025452488687782805,6928,90,49763,6888,4
PyTorch MLP,0.14,0.013634297833661567,0.9574468085106383,0.0268857356235997,6551,90,50140,6511,4
PyTorch MLP,0.15,0.014553686934023286,0.9574468085106383,0.028671551449506213,6134,90,50557,6094,4
PyTorch MLP,0.16,0.015397775876817793,0.9574468085106383,0.030308132682269742,5795,90,50896,5755,4
PyTorch MLP,0.17,0.01613780598368087,0.9468085106382979,0.03173471206988768,5476,89,51225,5426,5
PyTorch MLP,0.18,0.01714505875553843,0.9468085106382979,0.0336802270577105,5152,89,51549,5102,5
PyTorch MLP,0.19,0.018063730464785873,0.9468085106382979,0.03545110535749851,4888,89,51813,4838,5
PyTorch MLP,0.2,0.018920068027210885,0.9468085106382979,0.037098791162984576,4665,89,52036,4615,5
PyTorch MLP,0.21,0.019861638027226066,0.9468085106382979,0.03890710382513661,4442,89,52259,4392,5
PyTorch MLP,0.22,0.020594430142756845,0.9361702127659575,0.04030226700251889,4245,88,52466,4185,6
PyTorch MLP,0.23,0.021568627450980392,0.9361702127659575,0.04216578821274557,4052,88,52659,3992,6
PyTorch MLP,0.24,0.02258147292789325,0.9361702127659575,0.044099223252317715,3869,88,52842,3809,6
PyTorch MLP,0.25,0.02351055303232701,0.9361702127659575,0.04586916862131874,3715,88,52996,3655,6
PyTorch MLP,0.26,0.024458032240133407,0.9361702127659575,0.047670639219934995,3570,88,53141,3510,6
PyTorch MLP,0.27,0.025477707006369428,0.9361702127659575,0.0496054114994363,3426,88,53285,3366,6
PyTorch MLP,0.28,0.02649804275820536,0.9361702127659575,0.05153733528550512,3293,88,53418,3233,6
PyTorch MLP,0.29,0.027777777777777776,0.9361702127659575,0.0539546290619252,3140,88,53571,3080,6
PyTorch MLP,0.3,0.028720626631853787,0.9361702127659575,0.05573147561747942,3036,88,53675,2976,6
PyTorch MLP,0.31,0.029931972789115645,0.9361702127659575,0.05800922874093606,2912,88,53799,2852,6
PyTorch MLP,0.32,0.0307311903920876,0.925531914893617,0.059487179487179485,2814,87,53907,2744,7
PyTorch MLP,0.33,0.03189149560117302,0.925531914893617,0.06165839829907867,2711,87,54010,2641,7
PyTorch MLP,0.34,0.032929598788796366,0.925531914893617,0.06359649122807018,2625,87,54096,2555,7
PyTorch MLP,0.35,0.033971105037094884,0.925531914893617,0.0655367231638418,2544,87,54177,2474,7
PyTorch MLP,0.36,0.03540903540903541,0.925531914893617,0.06820854566836534,2440,87,54281,2370,7
PyTorch MLP,0.37,0.03695836873406967,0.925531914893617,0.07107843137254902,2337,87,54384,2267,7
PyTorch MLP,0.38,0.03809106830122592,0.925531914893617,0.07317073170731707,2267,87,54454,2197,7
PyTorch MLP,0.39,0.03958143767060965,0.925531914893617,0.07591623036649214,2181,87,54540,2111,7
PyTorch MLP,0.4,0.04113475177304964,0.925531914893617,0.07876867360796741,2098,87,54623,2028,7
PyTorch MLP,0.41,0.04250122129946263,0.925531914893617,0.0812704343764596,2030,87,54691,1960,7
PyTorch MLP,0.42,0.04400606980273141,0.925531914893617,0.08401738290680831,1960,87,54761,1890,7
PyTorch MLP,0.43,0.0458377239199157,0.925531914893617,0.08734939759036145,1881,87,54840,1811,7
PyTorch MLP,0.44,0.047592997811816196,0.925531914893617,0.09053069719042664,1811,87,54910,1741,7
PyTorch MLP,0.45,0.049255441008018326,0.9148936170212766,0.09347826086956522,1740,86,54991,1660,8
PyTorch MLP,0.46,0.05143540669856459,0.9148936170212766,0.09739524348810873,1666,86,55065,1586,8
PyTorch MLP,0.47,0.0529925187032419,0.9042553191489362,0.10011778563015312,1609,85,55132,1519,9
PyTorch MLP,0.48,0.05523066926575698,0.9042553191489362,0.1041028781383956,1544,85,55197,1454,9
PyTorch MLP,0.49,0.05739365293720459,0.9042553191489362,0.10793650793650794,1486,85,55255,1396,9
PyTorch MLP,0.5,0.059691011235955056,0.9042553191489362,0.11198945981554677,1429,85,55312,1339,9
PyTorch MLP,0.51,0.06177325581395349,0.9042553191489362,0.11564625850340136,1381,85,55360,1291,9
PyTorch MLP,0.52,0.0640542577241899,0.9042553191489362,0.11963406052076003,1332,85,55409,1242,9
PyTorch MLP,0.53,0.06661442006269593,0.9042553191489362,0.12408759124087591,1281,85,55460,1191,9
PyTorch MLP,0.54,0.06950122649223221,0.9042553191489362,0.12908124525436598,1228,85,55513,1138,9
PyTorch MLP,0.55,0.0713678844519966,0.8936170212765957,0.13217938630999213,1193,84,55558,1093,10
PyTorch MLP,0.56,0.07460035523978685,0.8936170212765957,0.1377049180327869,1142,84,55609,1042,10
PyTorch MLP,0.57,0.07741935483870968,0.8936170212765957,0.14249363867684478,1101,84,55650,1001,10
PyTorch MLP,0.58,0.08076923076923077,0.8936170212765957,0.14814814814814814,1056,84,55695,956,10
PyTorch MLP,0.59,0.08442211055276382,0.8936170212765957,0.15426997245179064,1011,84,55740,911,10
PyTorch MLP,0.6,0.08759124087591241,0.8936170212765957,0.15954415954415954,975,84,55776,875,10
PyTorch MLP,0.61,0.09022556390977443,0.8936170212765957,0.16390243902439025,947,84,55804,847,10
PyTorch MLP,0.62,0.09364548494983277,0.8936170212765957,0.16952573158425832,913,84,55838,813,10
PyTorch MLP,0.63,0.09710982658959537,0.8936170212765957,0.17518248175182483,881,84,55870,781,10
PyTorch MLP,0.64,0.10084033613445378,0.8936170212765957,0.18122977346278318,849,84,55902,749,10
PyTorch MLP,0.65,0.10434782608695652,0.8936170212765957,0.18687430478309233,821,84,55930,721,10
PyTorch MLP,0.66,0.10923276983094929,0.8936170212765957,0.19466975666280417,785,84,55966,685,10
PyTorch MLP,0.67,0.1126005361930295,0.8936170212765957,0.2,762,84,55989,662,10
PyTorch MLP,0.68,0.11830985915492957,0.8936170212765957,0.208955223880597,726,84,56025,626,10
PyTorch MLP,0.69,0.1240768094534712,0.8936170212765957,0.2178988326848249,693,84,56058,593,10
PyTorch MLP,0.7,0.13003095975232198,0.8936170212765957,0.22702702702702704,662,84,56089,562,10
PyTorch MLP,0.71,0.1346153846153846,0.8936170212765957,0.233983286908078,640,84,56111,540,10
PyTorch MLP,0.72,0.13838550247116968,0.8936170212765957,0.2396576319543509,623,84,56128,523,10
PyTorch MLP,0.73,0.14736842105263157,0.8936170212765957,0.25301204819277107,586,84,56165,486,10
PyTorch MLP,0.74,0.1518987341772152,0.8936170212765957,0.2596599690880989,569,84,56182,469,10
PyTorch MLP,0.75,0.15555555555555556,0.8936170212765957,0.26498422712933756,556,84,56195,456,10
PyTorch MLP,0.76,0.16247582205029013,0.8936170212765957,0.27495908346972175,533,84,56218,433,10
PyTorch MLP,0.77,0.1721311475409836,0.8936170212765957,0.28865979381443296,504,84,56247,404,10
PyTorch MLP,0.78,0.1838074398249453,0.8936170212765957,0.30490018148820325,473,84,56278,373,10
PyTorch MLP,0.79,0.19489559164733178,0.8936170212765957,0.32,447,84,56304,347,10
PyTorch MLP,0.8,0.21105527638190955,0.8936170212765957,0.34146341463414637,414,84,56337,314,10
PyTorch MLP,0.81,0.22580645161290322,0.8936170212765957,0.3605150214592275,388,84,56363,288,10
PyTorch MLP,0.82,0.24277456647398843,0.8936170212765957,0.38181818181818183,362,84,56389,262,10
PyTorch MLP,0.83,0.2608695652173913,0.8936170212765957,0.40384615384615385,338,84,56413,238,10
PyTorch MLP,0.84,0.28378378378378377,0.8936170212765957,0.4307692307692308,312,84,56439,212,10
PyTorch MLP,0.85,0.30324909747292417,0.8936170212765957,0.4528301886792453,293,84,56458,193,10
PyTorch MLP,0.86,0.32061068702290074,0.8936170212765957,0.47191011235955055,278,84,56473,178,10
PyTorch MLP,0.87,0.3387096774193548,0.8936170212765957,0.49122807017543857,264,84,56487,164,10
PyTorch MLP,0.88,0.3700440528634361,0.8936170212765957,0.5233644859813084,243,84,56508,143,10
PyTorch MLP,0.89,0.40384615384615385,0.8936170212765957,0.5562913907284768,224,84,56527,124,10
PyTorch MLP,0.9,0.4444444444444444,0.8936170212765957,0.5936395759717314,205,84,56546,105,10
PyTorch MLP,0.91,0.48554913294797686,0.8936170212765957,0.6292134831460674,189,84,56562,89,10
PyTorch MLP,0.92,0.5029940119760479,0.8936170212765957,0.6436781609195402,183,84,56568,83,10
PyTorch MLP,0.93,0.5316455696202531,0.8936170212765957,0.6666666666666666,174,84,56577,74,10
PyTorch MLP,0.94,0.5793103448275863,0.8936170212765957,0.702928870292887,161,84,56590,61,10
PyTorch MLP,0.95,0.6287878787878788,0.8829787234042553,0.7345132743362832,159,83,56602,49,11
PyTorch MLP,0.96,0.6535433070866141,0.8829787234042553,0.751131221719457,154,83,56607,44,11
PyTorch MLP,0.97,0.680327868852459,0.8829787234042553,0.7685185185185185,149,83,56612,39,11
PyTorch MLP,0.98,0.7130434782608696,0.8723404255319149,0.784688995215311,153,82,56618,33,12
PyTorch MLP,0.99,0.7735849056603774,0.8723404255319149,0.82,144,82,56627,24,12
