Time,V1,V2,V3,V4,V5,V6,V7,V8,V9,V10,V11,V12,V13,V14,V15,V16,V17,V18,V19,V20,V21,V22,V23,V24,V25,V26,V27,V28,Amount,Prediction,Fraud_Probability,Risk_Level
36421.0,0.987338132059133,-0.675308272594103,-1.04618009824165,-0.395149273077695,1.65821916095088,3.50802188555838,-0.582692315159673,0.838639060809902,0.150577056516634,-0.0797336322657531,-0.123460265128938,0.0358341422963031,0.130920909189354,0.286569901640909,1.36566254625684,0.760398843549821,-0.970782434990631,0.355525853296915,0.0076584607026416,0.354624933161745,0.0519245071435661,-0.326814696504261,-0.17847402803007,1.0417348752098,0.438378008289818,0.345097396035386,-0.0436253390438819,0.0409352082619376,164.21,0,0.0,LOW
51830.0,1.27620890981097,0.383554862452815,0.208419596256658,0.902671701764351,0.0927301333408519,-0.390743054763166,0.166995800915758,-0.176248267795479,-0.0445449633951415,-0.0504509803096604,-0.902346892953353,0.510148141614659,1.15843832635385,0.0976347100012612,0.995096935471803,0.430113595803724,-0.841423412583906,-0.180760463308595,0.0186633049867862,-0.0386011016311767,-0.270348513534911,-0.748067835153377,-0.0182561582084434,-0.478668362850808,0.510824687534585,-0.582269469991852,0.0285840008759444,0.0243920241340069,9.99,0,0.0,LOW
163178.0,-1.05813273427282,-0.13685174360032,-0.910579490391146,-1.26500002922853,-1.74909147164104,0.115567235113269,3.31135040963042,-1.63901997584946,-1.86209002795634,-0.261653902848413,-1.26818741600377,-0.81498109378042,-0.329373999957427,0.410117704783338,-0.755047224315376,-1.9133209001503,0.113200847246746,0.836161470227296,-0.771245214096763,-0.653123027140254,0.509068793115596,-0.30568439943493,0.113176414627536,0.0894132791337711,0.471604501581715,0.846937384644072,0.314602155760829,-0.0502893839271819,591.48,0,0.0,LOW
85917.0,-0.290191917557776,1.15271275529617,0.951343305960983,-0.139174250151117,0.491029075398636,-0.474609010685572,0.769252139712391,-0.0669131846160854,-0.460929730739802,-0.539056416212743,-0.825790553943163,0.0671524028792145,1.06462230121237,-0.638079287899044,0.86788464708262,0.590995888373586,-0.342721837230115,0.0393659036018714,0.218368966360863,0.204456587814611,-0.306458521814622,-0.77865001738179,-0.114845028756355,-0.485615975632372,-0.0192610073044026,0.121067129031729,0.247803903912871,0.0918925822661019,8.99,0,0.0,LOW
7508.0,-0.680392148176535,0.771942042530471,1.28808486002124,2.0276186369084,0.971211904137873,-0.133491942480256,0.180972723194419,0.250591933145359,0.686420538995023,-0.603908741570588,1.07205934374489,-3.10076734498966,-0.398052825605348,0.540223707234922,-2.72719625184649,0.925789932153849,0.906978614595348,1.1800301423563,-1.11550665606333,-0.223079701088862,-0.0946990266028757,-0.10876713333123,-0.0469422845401878,-0.202750739925502,-0.528246152871667,-0.225556083672923,0.129102348846941,0.198958322354085,7.58,0,0.06,LOW
168649.0,-2.47234888599992,-4.07879932081388,0.737230013493319,0.348197402346574,3.68425946204408,-3.42132959200063,-2.15335189050336,0.0915494214656332,1.23709358631461,0.0433509760241571,-1.37552789452508,-0.304752950987857,-0.862314208993727,0.0323408228577704,0.0827981902439717,0.582190359874697,-1.08537878290244,0.462949934492564,-1.29721320379363,0.83477423665526,0.72577951224737,1.07908378657982,1.10529949499625,0.0252111043275112,-1.9861486658105,-0.120798925981125,0.0249598833359012,0.221813581828828,45.0,0,0.0,LOW
117133.0,1.0655591996122,-2.18244608390319,-1.15770485600406,0.846164793627801,0.820052580334753,4.99901453155411,-1.38418765007017,1.28993055849448,1.78323330374503,-0.219944299969551,-0.757414038605759,0.6555181728411,-0.020364962429214,-0.610356535129309,-0.102871543848482,0.166039239981963,-0.469839535367505,0.324293866836121,-0.707901555364639,0.649625507335842,0.421099264519325,0.595142097800511,-0.167242452192241,0.730613025132088,-0.316811223150756,-0.544986254907646,0.0609968947504219,0.0476730473779803,415.94,0,0.0,LOW
66110.0,1.2550833104993,-0.74655047265066,0.154636759891196,-0.659985976734834,-0.616332369725787,0.117204667674311,-0.55538743880785,0.0642427971186433,-0.81281332330359,0.603317372157439,1.0744169540177,0.485881473554229,0.314859301915876,-0.263986562648662,-1.02379649230989,0.459282224344127,0.609550479781953,-1.63374213915825,0.974931303524102,0.145181052189064,0.141271706349715,0.431270951887839,-0.170736945951388,-0.240450605179582,0.623296541683799,-0.119476847375752,0.0119243140990504,0.0001741805829673,54.7,0,0.0,LOW
80098.0,1.23533384962866,0.685247604725991,-0.46751978421737,1.12519684202661,0.574143586996273,-0.393955331496194,0.282037564129406,-0.133552633433392,-0.214140233637243,-0.641237421687863,-0.0314665066341438,0.435199456660254,1.13804614399114,-1.27429367847617,1.23005584765296,0.317060941338952,0.693587777390997,0.0581104050518286,-0.746119970724572,-0.0497962443211072,-0.0471094047009314,0.0263608429173391,-0.169287932040841,-0.542990311345648,0.727351147640616,-0.268196644651618,0.0548286104664042,0.0447417786926463,1.0,0,0.0,LOW
7373.0,-0.0972208826277421,0.465379594483033,1.85643971464783,2.01548644800889,0.194877834231181,0.791686840869837,-0.631286439373742,0.205633358858153,0.990566878951323,-0.0332610884660219,1.36209738971014,-1.50386478357168,3.07646832750835,1.19010418685183,0.12088367667978,-0.392132779291832,0.523251473906257,1.59544453702292,2.3622881758297,0.34230215842688,0.178907870916043,0.977182514090723,-0.0851981035265546,-0.512893525704043,-0.864514664584561,-0.0763720585052961,0.286026698630625,0.217079056766867,6.02,0,0.0,LOW
123956.0,2.0532201470561,-0.0852658756774258,-1.23515400535807,0.184860728056843,0.180897180879554,-0.607363822796772,0.0980373672744172,-0.17957895885839,0.255390083360897,0.231397682809567,0.598319718116009,1.17769188476479,0.452945473382371,0.365796748628353,-0.668449830676777,0.211746696970689,-0.734172731724105,-0.266822476748203,0.612431756940589,-0.17291319931483,-0.264382294642489,-0.64232997583979,0.264248145893095,-0.481988255040132,-0.251759915637176,0.206686989632558,-0.0726234030511524,-0.0741051217057704,1.79,0,0.0,LOW
148902.0,-0.936939948519664,-0.0415409779378402,2.27913824467446,-0.794476020344337,-0.194294121385427,-0.0748106436602931,0.0384377399505318,0.347426268729668,0.146279476260874,-0.920365815481742,0.686881363101719,0.481331047348626,-0.447706601553989,-0.157352788703614,-0.440816359789586,0.992339874101583,-1.04147123674852,0.581630712960272,-0.841562344872964,0.0500998827030467,0.117438367006325,0.0833155960871273,-0.0765186351650319,-0.0016214939328901,0.400081785230827,0.191937082830554,-0.108038529510681,-0.056720216172137,65.81,0,0.0,LOW
63215.0,1.30171889802605,0.0048529643190698,0.170343279648904,0.648367697106995,-0.227181968611616,-0.256503461836585,-0.114635916050711,-0.0241308650364341,0.672869072101927,-0.160424767602147,-1.58315421927347,-0.33181610714646,-0.886032777441524,0.0768600649281903,-0.0409588523368373,0.0080177065843167,-0.216373046534597,-0.319073344080527,0.543418496784959,-0.168258947036873,-0.30223709175788,-0.718475364210941,-0.0734600197448959,-0.438453870228439,0.534651730281765,0.324770945769354,-0.0288602970616253,0.0013075244578084,1.0,0,0.0,LOW
161951.0,-0.698860415931118,0.462848796049797,0.525187105600993,-0.5237302311192,1.01804570209803,-1.41222086593113,0.74966169573009,-0.269153982117032,-0.171983242936379,-0.355713076144027,-0.71189542253635,0.703198795886515,1.06150681402648,-0.123352544584064,-0.448199690167594,-0.147524871623864,-0.45508657139495,-0.891629667666481,-0.0679835147548056,0.0315236774409481,-0.261184857269366,-0.611432340545475,-0.0384639094029603,0.0782950719871761,-0.137243217709169,0.17627723611877,0.107638790670092,0.119855550976363,6.99,0,0.0,LOW
84623.0,-0.77667559765703,-0.071756990376889,1.97917330901508,0.540659693155363,0.558982140545364,1.01025839598246,0.533624608523582,0.157117249919253,0.891695945155213,-0.890801794989644,-1.97462919209968,0.588565002386248,0.200450729718976,-1.20050395733212,-2.36208496572686,-0.841399381185635,0.060257514611085,-1.0250418281209,-0.10638323050126,0.120958173341821,-0.326096061968145,-0.545522089491719,0.0858308935379418,-0.783127304892077,-0.188846829455189,-0.713207732231904,0.0101852937765303,-0.0604909139909249,85.8,0,0.0,LOW
141724.0,1.86410727251664,0.378358759581691,0.350582878283072,3.87725442995839,-0.23170135625959,0.257431749279696,-0.421748265158058,0.021369718857499,-0.486168758846429,1.32762801967896,-1.13121974998554,0.614115405451211,1.58778583294992,-0.569484750869718,-0.750771637842061,1.12075871913123,-0.997484227046211,-0.152472287520882,-1.75610295075914,-0.185701988786574,0.191009052920953,0.742525785807657,0.170530633451303,0.0641701437152467,-0.187284004028245,0.0208412111240417,0.0263715625436458,-0.0274679427678292,6.06,0,0.0,LOW
25628.0,1.27849184389863,0.504609758952119,-0.113849721120277,1.10567065227775,0.0406655686241023,-1.19110561593238,0.552348926992163,-0.356159648465979,-0.280863744271142,0.0453040393764195,-0.363294812615008,0.223231278086376,0.0134004948348602,0.560212033285231,0.680477972030911,-0.216451828376838,-0.315305966669933,-0.370888449086765,-0.251081189892042,-0.155195418243864,0.0024530106050083,0.0673658412051848,-0.145543838023452,0.40137839757432,0.854101804658412,-0.296109363197667,-0.0077167507730938,0.0108390589433478,1.0,0,0.0,LOW
140229.0,2.03582976752761,-0.205935577022723,-1.20600616827341,0.23938920281869,-0.0412320038145999,-0.734119483946694,-0.0039333929876656,-0.0991244445264258,0.48734982759724,0.277051755891222,0.464594925219331,0.375911312088164,-1.17882294649872,0.695174988145569,-0.503471412001039,0.241757770628168,-0.585512950178155,-0.120415813341742,0.563445617190162,-0.275328026876029,-0.270918451104356,-0.74637316031459,0.300478708090917,-0.369108030885319,-0.327926599333027,0.202076784536549,-0.0834179122731032,-0.0754969437898867,4.48,0,0.0,LOW
67309.0,1.03005605762514,-0.296110813806967,1.08188059574399,1.54504188655918,-0.539190905095225,1.1092472829536,-0.650066183133334,0.471228749702928,1.07205435594252,-0.242943530151324,0.230718738137971,1.35355008054757,-0.685432021150029,-0.483769858330709,-2.33498388510519,-0.833908804749548,0.427244941094684,-0.699805985295838,0.585557858780072,-0.181242367737352,-0.380673698995348,-0.707868430922442,0.0227580136512748,-0.310729620028553,0.420597990318752,-0.507127165763201,0.0815842711347298,0.017075029465842,25.98,0,0.0,LOW
119143.0,2.09930448004097,0.092309550031934,-2.5312416626125,0.0730617664763787,1.01730022477159,-1.16900835360213,0.959527934456725,-0.605858810943822,0.229496755326929,-0.0790122328662296,-1.45273276279128,0.384351906562237,0.810297996663449,0.664561618877763,0.418032717018412,-0.515270047624802,-0.708273747994795,-0.128711819850387,0.417120331041778,-0.097793545778625,0.143151220077933,0.521153922122627,-0.255243792509406,-0.952547912580403,0.735802603572508,-0.360809131674325,-0.0405032482979729,-0.0703985598306129,50.0,0,0.0,LOW
135925.0,1.79256293088197,0.214150184789732,-0.98797850549145,3.43375808619297,1.11745672133697,1.80929719417165,-0.253166093280934,0.51233919068873,-0.882753985808022,1.54603809640041,0.236093217085096,-0.20037077554514,-1.24750021906024,0.654490264546381,-0.604053835261099,0.273208812431149,-0.333914234719096,-0.695219494356299,-2.17459238630458,-0.428223674966388,0.366306885767846,1.17613102362758,-0.0007986157850807,-1.65086265568494,0.0137266351153421,0.359659262260942,0.0028298151519068,-0.0813900765511253,10.62,0,0.0,LOW
79669.0,-0.151556037482699,0.774153339043255,0.683610496241155,-0.0898655498383447,0.0335098289053955,0.864726241379243,-1.08648617860566,-2.34618619110178,-0.595673156986349,-0.766604645374957,0.568989684999405,0.142536327939468,-1.49550684898581,1.17043381155998,0.665564144056723,0.675418522979699,-0.475932669352574,0.0316345367131347,-0.0671382831066466,0.51751950558428,-1.51172491687672,-0.472743442191007,-0.007197637834295,-0.866684358046746,0.624679570906679,0.215461928421217,0.0216178276737764,0.194898872303939,3.29,0,0.0,LOW
158557.0,0.13958767901888,1.05049117721227,-0.410121480093633,-0.559768911960008,0.993906250274282,-0.7325645074716,0.974560192505742,-0.100639830312446,-0.0946630882318756,-0.850531208080437,-0.615390679115205,0.0623120246880482,0.328977818491911,-1.07732050381263,-0.224585181084509,0.267334335256886,0.392286308233902,-0.333761689980232,-0.289906043328801,0.0323053084857137,-0.334776218318278,-0.791186579997523,0.0918178298036061,0.508416917571931,-0.421107564572344,0.118356211846444,0.227912433812958,0.0841437739216071,1.79,0,0.0,LOW
74859.0,1.34624781280964,-1.2642045324945,0.86787896818456,-1.40833755756182,-1.741068124407,-0.127760852375904,-1.40332311988852,0.131832303750562,-1.853489729397,1.54362245536919,1.56262743384197,-0.143532396221044,0.302082128786482,-0.224889951925165,0.395716124173404,-0.295224564123677,0.485154824765774,0.310052698654574,-0.59519642911423,-0.302242638871845,0.046753773977929,0.479758033804568,0.0197567325475934,0.213395167824018,0.195214944504139,-0.105871031642378,0.0588650108346194,0.0200543644529726,39.0,0,0.0,LOW
99071.0,-1.82381925842864,1.39193826087045,-0.715613609005292,-0.332593002607714,0.14121695922037,-1.16608970665922,0.182862751398472,0.45480915252771,1.36477643173612,-0.381746049775272,-0.132764080758548,-1.61062338952763,2.69338738104132,1.75476760749541,-1.14656873433238,0.0642335579188442,0.549308110883917,-0.600553536714533,-0.293515391351365,-0.387247695507579,-0.483269407962548,-0.696369173680387,0.56487285716479,-0.215592396819203,-0.2360469081709,0.131014749028343,0.105779765813146,-0.02240009498523,11.57,0,0.0,LOW
